study_hours,attendance,previous_score,assignment_score,internal_marks,sleep_hours,participation,parental_support,extracurricular,final_score
5.4,91.5,62.7,68.0,15.1,7.0,6,3,1,77.6
3.8,86.9,50.2,51.1,12.5,7.1,5,2,1,60.4
3.6,97.4,65.6,54.8,14.1,7.8,7,3,1,77.6
3.6,85.3,76.4,66.6,13.6,8.8,5,3,0,74.3
9.0,79.5,51.1,55.2,13.6,5.3,6,2,0,78.1
6.2,96.1,79.3,71.1,20.1,6.7,9,2,1,93.6
3.1,74.2,56.1,40.4,13.8,6.5,6,3,1,57.3
5.5,86.4,61.2,50.9,12.6,7.3,7,2,0,67.1
4.7,95.5,75.4,64.0,16.9,7.0,9,3,0,83.4
1.1,72.6,58.7,49.0,10.9,6.4,7,3,0,52.1
2.2,93.4,68.5,66.2,17.6,6.3,10,2,1,73.1
4.9,98.6,63.6,43.6,14.9,5.6,6,1,1,73.5
8.5,90.0,69.8,62.4,12.5,7.9,6,2,0,79.1
3.6,98.7,34.7,44.4,8.8,7.3,7,3,1,56.2
3.0,97.9,42.4,43.2,11.7,7.8,7,2,1,59.0
4.4,90.2,76.6,56.9,16.3,6.5,8,1,1,75.4
2.9,97.7,82.5,66.2,17.4,6.1,10,2,0,86.4
3.5,88.3,55.3,30.0,10.7,5.6,6,2,0,51.2
4.1,81.5,64.6,49.1,16.0,7.2,7,2,0,69.8
2.1,73.7,72.1,48.7,14.8,5.7,4,2,1,62.4
6.3,93.8,77.7,68.8,13.0,8.8,10,2,1,84.4
1.9,91.6,39.6,40.2,9.5,5.4,5,1,1,42.6
1.7,95.7,55.6,53.4,15.1,7.1,6,3,0,66.4
4.6,92.8,63.3,70.1,13.9,8.5,6,2,0,75.8
6.1,72.8,77.8,65.9,20.8,7.5,5,3,0,82.3
4.5,80.9,100.0,77.7,22.1,7.0,6,3,1,96.4
3.9,92.0,64.8,54.1,15.5,5.7,6,2,0,71.0
3.5,98.7,48.3,57.2,11.6,5.3,4,2,0,55.5
3.1,98.8,73.6,62.4,16.3,7.6,6,2,1,73.0
7.1,90.8,86.5,66.0,18.4,8.5,10,2,0,96.4
4.9,87.4,69.5,62.1,15.2,6.3,8,2,1,78.1
3.3,76.0,55.3,44.0,14.2,5.5,7,3,0,59.0
2.7,89.1,81.4,76.6,15.9,4.1,9,2,1,74.7
5.7,83.5,77.3,59.8,15.0,5.7,9,3,1,79.7
7.0,97.5,53.6,59.8,10.8,6.7,4,1,1,68.4
6.7,80.9,73.3,70.1,20.6,8.6,4,1,1,81.9
2.5,84.7,82.0,71.8,18.9,7.5,5,3,1,73.8
3.4,96.6,84.5,57.2,19.0,7.1,7,2,1,85.3
3.1,75.4,67.1,57.5,13.1,6.4,5,2,1,67.4
3.7,92.3,63.0,64.2,15.8,6.2,6,2,1,68.8
6.3,84.9,85.2,72.2,18.4,8.3,7,1,0,87.6
8.1,92.3,51.1,43.2,13.0,7.0,6,2,0,68.5
5.0,96.2,74.1,58.4,14.6,4.5,6,1,0,71.9
2.8,86.2,48.8,57.1,12.2,6.1,3,2,1,56.6
4.0,82.2,82.9,57.1,17.3,5.9,5,2,1,75.1
8.9,73.1,64.4,49.6,13.5,6.2,5,3,1,83.3
4.3,93.6,85.8,80.7,20.1,7.4,7,2,0,87.6
3.5,79.0,74.9,58.2,13.6,6.7,5,1,1,65.0
3.6,97.4,50.9,47.8,13.5,6.7,6,2,0,60.5
5.0,84.4,87.9,59.1,20.4,8.2,5,1,1,86.8
2.5,91.2,89.7,71.8,17.5,6.0,7,1,0,74.1
3.1,71.8,80.4,48.1,16.0,8.9,4,1,1,64.0
6.6,87.4,57.3,51.3,13.2,6.1,5,2,0,74.5
4.9,93.8,63.7,60.9,15.3,6.9,5,1,0,72.7
4.3,83.9,70.0,68.3,15.5,6.5,6,2,1,75.9
6.8,82.7,58.1,57.5,14.7,6.9,5,3,1,81.7
2.7,84.4,91.7,62.1,23.2,7.3,8,2,0,86.1
3.4,84.1,70.0,67.4,14.8,7.3,7,1,1,69.5
4.8,89.4,30.2,39.4,8.0,6.0,5,1,0,47.8
4.8,87.5,72.8,50.4,18.0,5.6,5,2,1,71.7
1.6,65.0,63.1,47.5,17.8,9.5,6,3,1,66.7
3.2,92.5,67.0,70.8,16.0,6.3,8,1,0,75.7
3.8,87.4,62.8,57.1,12.3,7.6,6,3,1,71.5
5.1,90.1,79.3,64.2,17.3,5.0,9,2,0,85.8
4.7,85.4,83.7,77.7,16.1,6.5,7,2,1,82.6
3.9,94.3,72.0,50.7,17.4,6.7,8,3,1,74.8
1.1,72.0,63.2,40.8,11.7,7.3,6,2,1,53.2
4.1,96.9,67.4,47.9,14.7,4.0,8,3,0,67.1
4.3,91.4,68.3,62.5,13.5,7.0,5,2,0,71.4
10.0,81.9,56.8,52.7,14.0,5.5,5,2,0,80.9
3.7,84.2,76.1,73.1,16.2,7.2,7,2,1,77.7
4.9,89.5,74.4,63.6,17.0,5.7,7,2,1,80.4
7.4,93.5,89.6,66.5,19.5,5.9,8,2,1,95.1
6.1,88.1,85.6,66.3,16.7,6.5,9,1,1,89.4
8.3,96.4,58.4,57.6,15.2,5.6,4,1,0,74.7
1.7,88.2,79.5,50.2,17.3,6.3,5,2,0,61.7
2.2,88.0,54.7,74.0,11.0,5.5,6,2,0,62.8
2.9,73.8,77.7,62.4,21.6,4.8,5,3,0,78.4
1.5,96.4,60.8,59.4,15.0,7.9,10,2,0,69.4
4.3,90.9,53.7,57.7,12.6,5.4,7,2,1,64.3
2.3,87.5,71.9,65.6,18.9,6.6,6,1,0,69.0
8.8,83.6,30.6,39.0,12.6,7.6,4,3,0,65.6
2.6,75.2,43.5,38.2,10.7,6.1,4,2,1,49.2
3.4,93.2,65.5,63.6,15.7,5.9,7,3,0,73.2
6.3,89.2,69.2,62.3,13.8,7.0,7,3,1,85.5
1.9,80.8,62.8,47.2,14.1,8.0,5,2,0,56.0
1.4,84.8,45.9,58.7,10.9,5.5,5,2,1,58.7
4.6,83.7,56.5,54.1,13.8,6.6,8,3,1,70.1
4.7,90.4,73.5,67.4,17.1,4.9,9,1,0,72.6
6.2,92.7,76.1,74.6,18.1,6.4,7,2,1,87.6
5.4,83.5,67.8,57.0,15.9,6.8,4,3,1,77.9
4.8,86.4,84.2,67.6,16.0,5.9,8,2,1,81.6
2.7,96.3,73.6,69.9,14.5,6.3,9,3,0,71.8
4.7,84.4,57.5,46.7,12.5,5.3,8,3,0,65.0
4.8,75.1,64.1,52.9,14.2,6.9,7,2,1,66.5
2.7,83.7,48.4,49.1,13.9,8.0,8,1,1,61.4
10.0,74.8,66.5,45.8,13.1,5.6,6,2,0,79.6
5.3,96.3,83.6,86.5,17.6,6.1,8,1,0,86.1
2.2,78.2,77.6,48.3,19.0,7.4,5,3,0,68.0
6.2,98.2,87.6,60.0,18.5,8.1,8,3,0,93.1
6.8,73.6,63.8,62.4,15.7,5.2,8,2,0,73.3
5.1,89.1,86.8,72.8,18.6,6.6,6,2,0,82.8
3.6,88.4,65.3,49.0,15.4,7.1,5,1,0,62.0
2.6,91.3,88.6,73.5,18.6,6.7,7,3,0,84.4
3.9,89.2,67.7,70.3,16.7,4.1,6,2,1,74.5
5.0,85.8,77.9,61.8,14.2,7.4,8,3,0,76.3
4.1,84.9,88.7,87.4,18.4,8.5,6,2,0,86.6
8.5,93.1,65.3,44.9,15.8,6.9,9,3,0,88.4
5.7,91.3,71.1,66.3,17.2,5.7,5,2,1,77.4
2.4,85.1,86.0,74.8,21.6,6.2,9,2,1,79.7
2.1,94.9,66.1,66.8,14.2,8.7,6,2,1,70.6
5.3,88.7,49.5,48.6,15.1,7.8,3,3,0,65.5
3.6,85.1,98.0,68.6,19.5,7.5,8,2,1,85.5
6.0,94.4,61.4,60.9,17.0,7.2,6,2,0,80.0
5.3,92.1,70.2,67.1,17.5,6.1,5,1,0,80.9
4.0,86.9,84.2,70.1,16.5,6.6,4,2,1,71.9
2.5,76.8,59.5,59.3,14.4,6.7,6,2,1,61.5
1.5,91.1,53.9,44.8,12.7,7.4,8,2,1,66.1
4.6,72.0,71.6,53.1,17.4,8.5,7,1,1,74.5
1.9,82.7,42.9,37.8,10.4,8.0,6,2,1,51.6
2.4,87.7,64.0,53.3,14.0,5.2,7,1,0,65.9
4.5,92.1,71.4,69.3,18.8,7.0,7,3,1,83.6
4.3,87.2,64.2,57.2,14.6,7.6,4,2,0,70.8
2.0,97.8,46.4,72.5,13.1,7.5,4,2,1,64.7
7.2,75.5,90.3,66.0,19.2,6.1,6,1,0,89.5
7.1,77.9,69.4,56.2,19.2,9.5,6,2,1,81.1
5.4,83.7,88.0,66.8,17.8,5.4,8,2,0,85.4
5.4,85.1,64.4,50.7,13.6,5.6,7,3,0,69.1
5.4,87.4,55.7,52.1,16.3,7.1,7,3,0,72.9
10.0,99.2,71.8,72.6,15.5,9.1,7,1,0,88.0
6.7,83.7,65.0,56.5,18.2,5.9,4,2,1,75.7
5.8,71.6,51.5,39.4,14.3,6.5,6,1,0,60.7
2.6,87.0,88.6,59.9,18.8,8.0,8,3,0,77.5
3.6,82.2,59.3,49.0,10.2,6.8,2,3,0,55.6
10.0,96.1,42.2,49.9,11.1,6.4,5,2,0,72.2
1.1,85.4,86.6,75.4,18.8,7.4,6,2,0,78.0
3.1,78.8,60.9,41.5,16.5,7.1,6,3,0,67.4
7.2,77.2,59.5,48.5,17.2,7.9,4,2,1,72.5
2.7,88.0,43.3,48.4,9.6,8.2,6,2,1,58.1
5.9,85.7,92.4,53.9,21.5,7.1,7,3,0,93.2
4.2,86.6,49.9,43.1,13.7,7.1,6,2,1,64.0
2.8,79.6,68.8,50.6,17.7,7.0,5,2,0,67.8
1.0,89.9,80.8,58.3,18.6,7.3,6,3,0,73.9
4.6,95.8,73.9,65.0,12.6,6.9,5,2,1,78.3
2.5,70.3,67.2,51.1,14.9,6.8,6,2,0,66.2
3.9,77.7,44.2,39.9,8.8,8.1,6,1,1,55.5
5.4,84.5,56.7,55.6,13.1,8.5,5,2,1,68.2
6.5,95.2,70.6,75.5,18.0,5.1,9,1,1,88.7
3.1,96.7,57.0,69.2,14.0,6.8,6,2,1,73.9
2.8,79.9,70.8,41.6,18.2,6.0,8,2,0,66.9
1.8,97.4,77.5,70.2,17.7,6.5,6,3,0,75.8
6.6,97.3,81.5,65.9,15.4,7.2,4,2,0,83.3
10.0,92.1,50.8,53.1,8.0,7.5,7,3,0,77.4
7.0,86.9,98.8,68.6,21.4,6.7,8,2,1,100.0
7.8,86.4,78.7,63.6,17.1,4.7,7,3,1,86.6
2.7,85.7,68.0,58.8,13.4,5.7,5,2,1,60.7
5.2,78.3,83.3,57.5,14.9,7.8,6,2,1,77.9
6.2,80.5,100.0,63.2,19.8,4.0,6,2,0,84.3
1.0,81.2,47.9,43.5,11.3,8.1,5,2,1,45.1
2.2,80.9,64.8,56.5,16.1,7.4,7,2,1,63.1
9.2,73.4,34.7,43.5,10.1,8.2,5,2,1,64.1
1.6,96.9,70.7,69.2,19.0,6.6,8,3,0,81.6
8.4,84.7,73.1,55.6,14.5,4.5,6,3,1,81.3
1.6,77.1,67.5,56.9,17.0,7.3,5,3,0,66.1
2.2,69.3,58.8,56.0,13.8,8.2,3,2,1,61.3
5.3,93.0,39.3,56.3,11.7,7.8,5,3,1,59.4
4.3,81.2,73.2,58.0,15.5,6.1,1,3,0,71.3
3.3,87.1,88.4,65.4,21.2,6.9,6,2,1,84.2
9.0,77.4,59.7,52.8,14.8,6.2,6,2,1,80.2
1.9,90.5,74.2,52.7,15.1,5.9,8,1,0,65.7
3.8,88.3,46.0,47.0,11.4,7.9,5,1,1,54.4
5.6,66.7,74.4,60.4,16.2,5.5,6,1,1,74.1
4.8,92.8,62.5,62.5,15.5,5.8,3,1,1,76.1
2.8,94.2,57.3,53.3,11.1,5.6,6,2,1,64.0
2.9,85.7,57.4,54.6,13.4,5.2,3,2,1,58.2
6.4,82.3,62.5,47.5,15.4,7.0,4,2,1,67.4
6.6,93.6,73.4,68.1,16.6,8.1,7,3,0,80.3
4.9,88.8,49.6,49.7,14.9,6.6,8,3,0,73.2
2.5,86.3,62.4,53.1,15.9,5.1,7,3,1,64.0
3.0,82.9,67.4,53.5,15.3,7.7,6,2,1,66.8
4.1,87.5,52.6,50.7,13.1,8.7,6,2,1,68.3
4.4,96.2,93.2,68.7,20.6,6.1,7,2,1,85.6
5.5,90.1,56.1,58.9,14.2,6.3,5,1,1,74.7
3.7,76.0,58.6,47.1,10.1,7.4,6,1,0,55.6
6.3,86.0,54.3,64.3,12.5,8.6,4,2,1,66.6
6.3,87.5,93.2,81.2,17.1,6.2,8,3,0,92.8
7.9,86.5,75.7,54.2,19.6,5.3,6,1,1,82.8
4.2,84.2,54.9,51.8,13.0,7.5,7,1,1,65.5
4.9,85.4,83.5,59.3,17.9,7.7,8,1,1,79.8
3.8,69.5,70.8,51.1,17.7,6.8,3,2,0,60.8
2.5,88.1,71.6,76.0,16.9,6.2,6,2,1,74.7
10.0,79.9,63.2,51.1,12.6,7.9,5,2,1,74.2
7.4,74.1,57.5,52.1,13.6,7.4,3,1,1,68.9
6.2,93.0,72.7,66.3,15.7,6.0,5,2,0,76.4
4.1,93.8,60.4,48.7,10.6,6.9,10,1,1,64.6
2.4,83.8,93.4,61.6,18.6,5.3,8,2,1,80.3
6.8,97.1,50.2,43.5,12.0,7.6,9,1,1,69.3
3.8,95.3,89.5,63.2,19.1,6.5,9,3,1,88.8
5.1,89.8,66.4,35.4,12.2,6.3,5,2,0,66.8
2.9,80.9,72.2,62.3,18.4,6.8,6,2,0,69.2
4.7,86.9,79.7,79.7,17.4,6.8,8,2,1,85.5
3.1,81.7,59.2,53.6,13.9,7.8,7,2,0,53.1
3.1,91.4,80.1,53.5,18.4,7.5,6,1,1,76.1
4.7,80.9,30.1,33.9,8.0,6.6,3,2,0,44.4
1.6,83.1,57.9,48.6,14.4,7.6,10,2,1,59.8
1.6,89.6,55.1,44.9,12.3,7.2,6,2,0,57.0
2.7,96.4,50.5,60.0,10.4,6.3,6,2,1,64.6
3.6,77.2,65.0,60.1,16.0,6.7,6,3,0,68.4
6.4,73.8,73.4,47.0,19.5,6.6,6,3,0,76.4
3.8,84.7,77.8,67.5,18.6,7.4,7,1,0,78.8
4.1,89.2,71.4,72.4,17.9,6.4,9,2,0,76.8
3.5,90.9,58.7,70.3,12.7,6.4,6,1,1,65.5
4.9,82.8,73.2,81.9,13.2,9.0,5,2,0,80.0
2.5,94.3,69.7,53.9,18.7,7.8,7,2,1,74.1
3.9,82.7,81.1,85.1,21.9,6.0,6,1,1,80.8
5.1,76.9,78.9,56.9,20.5,7.4,8,3,1,78.5
4.7,78.2,68.4,50.7,14.9,6.9,8,2,1,72.4
4.1,87.7,55.4,55.2,10.9,7.2,6,2,1,66.2
4.2,85.9,58.9,48.9,11.7,7.0,4,1,1,55.9
5.4,93.3,60.3,59.7,10.8,8.1,5,2,1,70.5
10.0,75.3,63.6,41.8,14.7,7.2,6,3,0,83.4
2.6,80.6,71.8,55.8,19.3,6.7,7,2,1,79.4
10.0,87.4,78.0,72.9,17.3,7.9,6,3,1,97.1
2.5,93.7,67.3,59.3,15.8,7.1,6,1,1,70.8
1.0,91.3,68.2,60.6,18.1,6.9,6,2,1,62.5
3.0,95.7,70.0,65.4,14.9,7.1,7,3,1,81.7
5.0,78.8,60.8,61.5,18.3,6.7,2,2,0,69.0
10.0,95.5,55.0,41.6,17.4,6.8,5,1,1,78.1
2.4,86.4,43.4,51.4,10.7,6.2,5,2,1,53.1
5.4,87.8,58.3,51.7,12.6,6.0,8,2,0,74.0
1.8,79.9,74.6,60.1,17.9,5.7,5,2,1,76.5
10.0,97.6,58.2,65.4,13.3,5.3,7,3,0,85.4
7.5,80.4,64.7,44.9,12.7,5.8,6,3,1,76.7
3.1,84.3,74.5,52.0,19.1,6.6,8,2,1,75.9
8.1,83.2,75.3,44.6,19.4,6.9,8,1,0,80.9
3.9,89.9,52.9,47.7,13.0,6.5,6,2,1,68.1
7.7,76.4,82.0,71.6,15.6,4.2,6,3,1,82.8
4.1,95.3,83.8,66.8,15.8,8.5,6,3,0,85.8
4.2,85.8,52.2,39.8,12.8,8.0,5,1,0,62.3
3.2,98.0,56.5,52.4,12.3,7.3,6,2,1,66.4
5.7,87.9,84.7,53.9,17.8,8.9,8,2,0,89.3
4.4,90.6,65.9,49.2,17.1,5.7,7,1,1,79.4
5.4,81.3,36.9,45.3,11.4,8.9,6,2,0,57.1
1.5,94.8,48.4,42.3,14.5,5.7,8,2,1,56.2
7.8,97.8,64.5,68.7,13.0,7.1,10,1,1,78.0
8.8,58.7,51.7,41.2,12.1,5.4,5,3,0,72.4
4.4,89.2,62.2,56.8,15.9,6.8,8,3,1,73.6
10.0,85.3,68.5,55.5,16.7,7.2,6,3,1,92.1
9.7,81.2,88.5,71.6,22.5,6.6,8,1,1,99.4
5.8,84.8,63.9,61.7,15.6,7.6,8,2,1,82.5
8.2,85.6,83.0,67.0,22.0,6.9,8,2,1,94.8
7.1,83.6,88.0,70.5,20.3,6.2,7,2,1,89.8
1.2,93.3,88.1,67.3,21.0,6.2,6,2,1,79.8
3.5,88.2,72.0,64.5,15.5,7.7,4,3,1,71.8
6.0,96.4,40.5,45.9,10.6,6.1,6,1,0,62.8
9.2,86.2,74.5,60.7,18.7,7.8,9,3,1,94.0
1.7,91.4,82.7,63.8,21.2,8.1,7,3,1,83.3
1.3,77.3,66.9,50.8,16.6,5.0,7,3,0,62.0
4.0,83.6,92.4,62.4,19.7,8.0,8,3,0,83.8
1.0,76.0,80.0,63.7,20.2,9.1,6,2,0,70.0
3.9,86.9,76.0,72.1,12.5,7.1,9,3,0,83.2
5.0,90.8,83.2,75.4,15.4,7.5,3,2,0,80.7
2.3,84.8,72.7,49.4,17.6,7.9,5,3,0,62.6
4.0,76.0,33.1,49.1,9.2,6.5,3,1,1,46.4
6.7,84.3,61.0,51.5,15.5,7.0,5,2,0,73.4
3.0,87.6,84.8,70.6,18.5,5.4,7,2,0,85.6
2.5,77.4,56.7,42.6,14.5,7.0,6,2,0,61.6
3.9,86.5,64.9,57.6,13.2,7.3,7,2,0,65.3
2.2,76.3,53.4,50.6,13.9,7.4,6,2,0,65.3
10.0,85.3,93.0,56.8,22.2,8.0,6,3,1,100.0
4.2,87.6,91.5,73.6,22.1,5.9,5,2,1,93.2
2.7,80.1,55.6,61.0,17.2,6.2,6,2,1,63.3
4.6,91.9,70.1,59.1,16.3,8.9,6,1,1,67.5
3.9,64.9,58.5,57.6,14.3,6.6,3,2,0,56.1
3.6,87.9,76.6,60.6,13.9,7.0,8,2,0,62.9
3.0,84.8,75.1,67.3,15.6,6.7,9,2,0,81.8
2.9,91.3,79.4,46.7,17.1,5.9,9,1,1,74.6
1.5,91.9,72.6,81.0,18.2,8.6,7,1,0,72.2
8.2,90.8,100.0,85.6,20.2,6.2,8,2,1,100.0
5.6,93.6,53.6,51.3,14.5,5.6,8,2,0,71.3
4.9,74.2,44.1,30.0,11.2,6.3,4,2,0,54.0
3.8,81.1,62.5,56.0,14.1,4.6,8,3,1,71.8
2.3,81.5,46.0,34.8,11.9,6.1,6,2,1,51.1
2.6,96.3,47.1,55.1,10.8,5.7,8,2,1,57.3
1.6,90.6,54.0,56.1,11.9,7.5,6,2,1,61.5
2.8,74.2,55.1,40.6,9.6,6.1,7,1,1,55.4
2.1,90.1,54.6,61.9,12.4,7.8,6,2,1,62.3
9.4,87.8,75.3,68.0,16.1,8.3,4,2,1,95.7
6.5,86.0,60.9,62.3,13.3,7.7,8,2,0,73.9
4.3,73.9,65.5,52.8,15.8,6.6,4,3,1,65.9
2.4,78.1,80.5,49.5,18.9,7.0,8,1,1,74.0
2.2,96.2,57.3,63.9,13.9,5.1,6,3,0,62.9
3.7,98.5,64.3,57.8,16.7,6.7,9,2,1,77.9
6.7,85.5,73.1,48.7,17.6,5.9,8,2,1,79.0
1.7,89.7,40.8,57.4,9.8,7.6,6,3,1,53.2
5.6,88.0,34.6,60.1,8.6,9.5,6,3,0,66.1
2.8,83.6,72.8,58.8,16.9,7.3,7,2,1,71.4
3.1,85.0,74.9,77.8,17.8,4.6,3,3,1,72.8
4.2,76.1,96.9,68.3,23.4,6.4,7,2,1,94.4
2.5,94.9,70.2,58.4,18.1,6.9,5,2,0,68.5
3.6,73.0,79.5,53.7,16.4,6.9,6,1,1,68.7
2.4,98.1,65.3,73.4,14.7,6.0,5,1,0,71.1
2.9,66.1,72.2,47.1,17.5,7.1,4,3,1,69.5
6.1,97.0,91.3,77.5,21.9,5.4,10,1,0,100.0
4.4,81.5,38.3,38.4,12.0,5.8,7,1,1,52.7
6.1,69.0,73.8,51.3,16.5,7.5,6,3,1,78.5
2.8,93.9,97.9,81.9,18.3,5.7,8,1,0,84.8
5.6,88.0,71.9,57.0,14.2,7.4,6,2,0,72.8
1.4,88.3,91.1,65.6,20.0,5.3,8,2,0,82.8
4.2,90.2,59.2,64.1,14.6,8.7,5,2,0,67.7
5.8,86.7,67.6,70.5,13.3,5.9,8,3,0,79.3
1.3,76.1,68.5,60.0,15.5,6.6,5,2,1,64.1
2.8,84.0,37.0,37.9,11.1,7.2,5,2,1,46.7
4.2,86.1,51.6,46.3,10.2,6.2,6,2,1,62.7
6.9,71.6,52.6,46.9,15.0,7.0,4,2,1,69.4
2.9,90.8,79.5,66.9,16.7,7.4,7,2,0,70.3
5.5,84.0,80.2,54.6,20.2,7.9,6,3,0,84.3
8.4,65.9,72.5,59.2,15.4,7.7,6,2,0,77.0
5.6,87.8,79.5,64.1,15.5,6.6,9,2,1,86.8
3.7,84.3,65.7,42.4,14.1,6.6,5,1,1,58.9
5.0,76.4,84.8,54.8,18.3,9.4,6,2,0,77.7
2.9,80.7,68.1,52.0,14.6,7.8,7,1,0,66.0
4.3,73.7,68.8,53.6,15.2,5.8,5,2,1,68.6
3.8,79.4,64.3,69.1,15.4,6.9,7,3,1,76.2
4.9,71.4,77.6,59.3,16.9,6.4,7,2,1,72.1
3.2,83.9,62.1,47.6,14.2,6.7,8,2,0,70.3
5.1,81.8,81.7,64.3,14.5,5.4,6,3,1,80.1
3.2,73.9,52.1,43.9,13.3,6.3,4,2,1,60.8
6.5,95.7,52.6,56.4,12.6,8.8,6,2,1,74.8
3.4,79.6,77.6,64.6,20.4,7.4,5,2,1,78.2
1.0,96.9,66.8,70.3,13.2,4.1,8,1,1,60.2
2.2,81.7,61.6,53.3,10.6,8.1,4,3,0,55.6
4.2,94.1,80.5,79.0,18.9,8.0,10,1,0,92.0
9.3,93.2,59.5,63.4,14.9,6.4,8,3,1,91.5
6.3,94.9,65.2,53.6,13.0,7.6,7,1,1,72.4
1.0,91.1,87.6,85.8,15.8,5.9,8,2,1,70.2
1.6,83.7,89.5,69.3,22.3,6.3,4,1,1,78.5
7.4,93.1,90.0,63.1,22.4,8.4,10,1,0,96.5
5.8,95.5,64.1,72.2,9.9,6.5,6,2,1,73.2
10.0,86.6,85.2,82.2,17.9,4.7,7,2,0,99.0
3.1,85.7,54.7,51.3,16.3,6.7,3,3,1,67.2
2.4,77.1,55.3,45.1,12.1,6.7,6,2,1,59.7
4.3,94.2,35.1,44.1,8.6,8.1,4,2,1,54.3
3.1,64.9,91.4,67.3,19.0,6.8,6,2,0,71.9
7.0,84.6,55.9,62.0,11.2,6.3,5,2,1,69.9
3.0,78.1,66.2,59.0,11.7,7.9,4,2,1,69.6
3.5,89.0,55.3,53.7,15.2,6.9,5,2,0,66.0
2.2,83.7,77.7,73.3,13.4,6.0,7,1,1,71.9
6.1,77.8,62.7,50.2,15.1,8.1,4,3,1,72.8
2.3,84.8,49.7,57.3,13.8,7.0,5,2,1,61.2
5.1,84.2,74.2,57.6,13.7,6.8,7,2,1,67.3
10.0,92.0,47.9,54.0,10.3,7.0,10,1,0,75.6
1.2,90.6,56.3,53.0,15.6,5.6,7,2,1,62.1
8.6,95.6,38.5,47.0,11.4,6.2,5,2,1,73.0
4.8,82.2,48.1,44.5,10.7,6.8,5,2,0,57.9
2.0,87.7,70.5,70.1,18.2,6.6,7,1,0,67.3
4.4,89.4,40.5,40.5,12.9,8.2,5,3,0,60.1
6.0,77.1,47.3,39.6,12.4,7.0,7,2,0,59.3
2.5,96.9,68.0,78.1,13.6,7.7,7,2,1,69.7
5.3,88.0,60.4,62.7,13.3,6.8,8,1,1,69.8
9.0,93.1,95.9,53.4,21.3,8.0,7,3,1,100.0
3.0,88.6,93.7,65.6,19.6,7.2,9,1,0,87.8
2.2,63.8,55.8,30.7,15.0,6.8,5,3,1,55.8
3.8,95.3,75.8,56.5,13.8,6.8,6,3,1,76.5
4.2,81.2,78.5,35.8,14.4,5.8,10,2,1,73.0
7.2,96.3,59.6,56.1,14.4,7.4,4,3,1,77.6
3.8,87.9,47.1,39.7,10.7,6.8,5,2,1,58.3
3.2,94.9,67.8,60.9,14.1,6.2,6,1,1,61.9
2.2,99.0,65.6,47.7,11.4,8.0,10,1,0,64.1
1.4,82.5,61.9,54.5,14.3,5.4,9,2,1,59.6
1.8,87.1,74.2,57.5,16.3,6.3,9,1,1,74.5
1.8,88.6,57.5,65.8,14.7,7.9,6,2,1,64.7
3.5,88.4,51.9,62.5,12.7,7.1,10,2,1,68.1
1.5,75.4,69.5,61.3,15.3,6.7,6,3,0,60.5
4.0,90.0,73.4,58.8,18.8,7.1,8,2,1,83.0
10.0,87.8,51.5,66.7,10.1,7.0,6,2,1,80.2
7.3,89.6,81.0,52.2,19.0,5.1,7,3,1,89.3
3.5,95.8,43.2,38.4,8.0,6.4,6,1,0,48.4
10.0,86.1,59.9,53.4,12.6,8.6,6,2,1,77.6
4.3,80.7,64.4,72.4,12.4,6.1,7,3,1,73.4
4.6,99.4,59.1,56.3,15.4,6.4,7,1,1,70.4
3.8,69.0,60.1,47.3,13.9,6.2,5,2,0,61.9
4.0,94.2,94.2,60.5,20.1,6.7,10,2,0,81.8
3.0,89.3,56.1,60.9,11.0,6.2,2,3,1,59.1
3.6,95.5,100.0,82.7,20.6,7.3,9,2,0,100.0
8.7,94.8,74.1,69.5,15.2,7.0,8,2,1,91.9
7.7,78.1,69.3,50.8,16.6,7.7,8,3,1,82.9
1.0,90.3,74.7,56.4,14.5,5.6,7,1,1,71.5
1.6,83.3,100.0,60.9,23.7,6.4,7,3,1,79.0
2.6,70.3,54.1,47.2,9.5,6.6,7,3,0,51.5
6.7,78.7,52.3,39.7,11.1,7.3,8,3,1,65.6
7.8,89.3,57.4,44.5,17.1,5.9,6,3,1,81.5
6.0,93.6,68.5,56.9,14.8,7.8,7,2,1,81.0
2.0,90.7,43.8,44.4,8.4,8.1,8,3,1,50.6
3.0,80.6,68.3,51.8,15.9,5.7,3,2,1,68.3
5.4,75.8,91.7,68.9,18.8,6.3,6,2,0,84.0
3.6,79.2,70.1,57.1,14.1,6.2,8,1,1,73.1
3.3,93.0,63.9,55.7,12.5,9.5,8,3,1,66.3
3.3,97.6,59.3,58.9,19.4,6.3,7,2,1,75.0
7.4,96.0,80.6,58.6,17.4,8.6,7,3,1,88.3
5.6,93.8,56.4,55.8,9.6,5.4,5,1,0,66.6
3.4,87.5,93.8,71.0,23.0,5.7,6,3,1,88.4
4.9,98.4,95.1,61.8,21.6,6.0,10,3,1,95.9
1.8,74.3,71.6,63.6,14.4,5.9,5,2,0,65.4
3.0,90.7,67.8,52.0,13.5,6.5,7,2,1,69.5
7.1,93.4,82.4,67.2,19.5,6.0,6,2,0,93.2
1.5,74.9,83.3,70.4,17.6,5.9,8,1,1,74.4
5.7,87.3,56.7,60.4,9.6,8.1,5,2,0,64.2
1.0,85.3,60.6,54.4,17.5,8.1,6,1,1,61.8
9.4,86.2,49.5,46.5,11.5,7.8,3,2,0,69.7
3.0,77.9,73.7,65.3,19.4,7.4,4,1,1,73.8
5.1,96.8,77.3,70.7,19.7,6.9,7,1,1,85.9
4.4,86.7,49.1,44.5,10.1,6.3,4,1,0,55.3
4.5,81.0,61.6,46.9,16.4,5.8,9,3,1,67.6
4.9,83.6,49.1,31.9,10.8,7.2,3,2,0,56.4
1.3,87.5,55.4,53.7,9.3,5.5,5,2,1,53.7
4.5,93.3,75.7,62.8,16.0,5.7,7,2,1,82.0
3.7,93.0,57.7,64.3,14.4,8.1,6,2,1,70.0
3.0,94.4,63.8,61.3,13.7,8.9,5,3,1,63.6
2.6,98.6,45.2,62.1,10.7,7.2,5,1,0,56.1
4.6,92.0,70.6,55.2,18.2,8.0,5,2,0,75.3
2.2,97.1,67.4,70.0,15.5,6.5,6,3,1,75.9
7.0,84.8,57.8,48.5,12.1,5.3,9,2,0,64.2
5.3,85.6,65.4,62.6,16.4,7.5,6,1,1,75.4
4.7,87.2,70.5,47.5,16.3,7.4,8,1,0,74.3
6.8,92.1,56.6,56.4,8.5,6.9,7,1,1,66.2
1.2,79.1,47.3,30.3,12.4,6.5,7,3,0,50.1
1.8,93.0,93.3,69.1,20.7,7.9,3,2,1,78.9
5.4,83.8,59.1,56.5,13.9,5.7,6,3,0,67.9
2.7,85.0,66.6,52.6,16.9,5.9,8,3,0,69.1
2.9,82.8,82.2,54.7,16.6,5.7,6,2,1,70.6
1.6,81.6,100.0,77.5,21.8,6.9,10,1,0,88.9
2.2,85.0,50.6,48.7,9.1,5.6,8,1,1,51.1
7.1,89.2,74.3,57.6,17.5,6.0,6,2,1,81.1
5.4,65.1,58.1,47.0,17.6,6.0,4,2,0,71.9
4.6,88.1,60.5,76.1,12.1,6.5,5,2,1,74.4
2.9,95.6,57.9,65.4,12.0,5.2,6,2,1,59.0
4.4,81.9,52.2,58.6,11.2,6.9,4,3,1,60.5
7.4,95.1,67.4,63.8,15.8,8.2,7,2,1,84.9
2.7,91.3,47.4,51.4,9.5,6.9,4,2,1,55.6
4.0,95.5,81.3,47.5,18.7,8.5,8,3,0,75.8
9.7,80.3,68.8,50.8,17.6,8.3,7,1,0,88.0
6.0,87.9,73.9,57.1,17.7,7.7,4,1,1,81.0
2.9,73.9,61.5,36.0,10.7,6.9,8,1,1,57.3
5.7,82.7,62.9,45.1,16.6,6.8,7,1,0,75.5
1.4,94.0,72.0,46.2,17.9,7.6,8,2,1,71.5
3.9,72.3,51.7,45.7,14.2,6.4,4,2,1,60.6
5.7,89.1,63.0,63.0,15.4,4.7,7,2,0,79.2
5.1,77.0,56.0,58.3,13.8,7.3,7,3,0,72.5
5.7,71.7,55.5,50.9,15.3,5.6,5,1,0,62.1
6.4,93.4,38.5,39.0,14.1,5.7,9,2,0,68.2
5.3,90.9,86.8,52.2,17.0,6.8,7,1,0,78.2
5.2,73.9,58.4,35.5,15.9,6.7,7,2,0,67.0
4.6,77.6,84.3,52.2,18.2,5.2,7,2,1,79.4
2.1,89.9,83.0,58.6,17.8,7.0,8,3,1,73.5
7.1,93.0,50.0,50.5,9.3,7.9,4,2,0,64.3
4.0,78.5,52.8,40.4,12.1,5.6,6,1,0,57.0
5.9,92.5,100.0,76.8,19.3,8.2,7,2,1,94.5
6.7,90.4,92.5,68.2,19.1,5.1,6,1,1,90.9
3.0,85.7,67.6,57.5,13.1,9.1,9,1,1,70.6
3.2,95.0,71.6,71.3,15.2,6.3,7,2,1,76.1
3.4,79.4,59.2,42.2,13.0,7.0,4,1,1,58.7
7.8,84.6,74.1,63.3,16.9,4.7,6,2,0,86.9
2.4,83.4,58.0,52.3,10.3,6.7,4,2,1,58.0
8.5,87.5,39.5,42.7,8.0,7.1,8,2,1,65.8
4.6,84.2,49.5,55.9,12.9,6.7,5,1,1,59.7
4.8,74.8,68.3,61.3,13.9,6.2,7,3,1,75.2
6.5,88.7,52.2,43.9,14.9,5.8,8,2,0,71.8
4.3,97.5,67.1,59.5,15.7,8.0,6,3,0,79.5
7.1,89.5,53.0,54.3,14.1,6.8,7,2,1,74.6
3.0,91.1,57.0,52.2,16.2,8.5,5,2,1,60.4
8.3,87.9,79.9,68.3,17.2,6.2,10,2,1,88.0
3.2,96.3,71.5,64.8,14.9,6.3,8,2,1,77.8
8.5,96.8,67.9,75.7,17.4,7.7,7,1,0,87.6
3.2,87.8,80.3,51.5,18.6,5.0,6,2,0,74.9
3.5,86.6,74.7,59.9,16.2,5.5,6,3,1,74.9
2.2,89.5,88.3,60.7,21.8,8.0,7,2,0,80.9
2.6,76.5,61.6,56.7,13.8,5.5,9,1,1,63.3
4.0,79.7,62.0,40.1,14.4,4.8,4,2,0,57.0
4.7,94.9,49.8,55.1,12.2,8.9,6,3,1,67.2
6.8,89.5,62.0,51.1,12.6,5.3,6,2,1,70.2
3.6,82.4,81.5,56.8,18.0,7.0,6,1,1,74.4
2.0,87.7,86.2,54.8,21.4,6.9,7,3,0,78.5
5.1,77.5,81.4,57.3,18.8,4.0,6,2,1,76.7
4.5,86.4,42.9,55.2,11.0,6.5,7,2,1,64.6
5.4,77.9,83.2,61.8,17.9,7.3,7,2,1,82.1
2.8,87.9,42.3,51.7,11.4,7.2,6,3,0,60.0
3.0,86.8,80.6,76.9,19.2,7.8,2,3,0,83.6
2.8,94.1,62.9,60.1,15.7,6.4,7,3,0,73.7
7.5,94.2,77.8,60.2,16.7,7.6,5,1,0,85.3
8.4,95.4,49.3,56.0,12.9,6.0,7,3,1,78.9
2.9,83.3,84.4,59.9,19.3,5.2,9,1,1,81.0
3.0,91.9,47.5,46.3,9.7,5.4,5,2,0,53.7
5.8,89.5,58.6,42.4,14.2,5.2,6,2,0,70.5
8.8,88.1,54.0,59.5,8.8,7.9,5,2,0,73.2
9.8,79.3,43.4,41.4,12.3,5.1,7,2,1,69.1
2.9,85.3,69.3,59.5,16.9,7.1,6,2,1,74.5
3.3,92.3,93.3,62.8,21.5,6.5,10,3,1,91.0
4.8,98.9,100.0,79.6,20.4,6.7,9,1,0,95.3
4.9,86.9,69.4,52.5,16.4,8.3,7,2,1,73.9
3.7,94.6,83.6,66.3,21.1,6.3,7,3,0,86.8
2.5,90.5,71.2,67.6,18.8,7.5,8,1,0,78.6
4.0,90.3,75.0,68.5,16.6,6.8,4,2,1,79.6
9.8,82.2,63.2,54.2,15.1,6.6,6,2,1,83.9
3.0,82.3,70.7,43.6,18.1,9.3,6,2,0,70.4
4.7,86.3,75.5,85.1,13.8,5.2,8,2,0,83.5
10.0,88.6,59.9,68.8,13.6,8.2,6,1,0,82.3
3.0,79.1,66.9,60.8,17.9,7.5,4,3,0,66.5
5.9,81.6,67.2,49.9,17.3,6.3,6,1,1,78.8
10.0,98.7,79.6,66.0,18.6,8.6,6,2,1,95.5
5.6,96.3,53.1,49.9,9.8,4.8,4,1,0,57.8
7.3,69.6,67.3,62.3,15.4,6.2,7,2,0,71.8
6.3,76.4,94.8,68.8,19.2,5.5,8,2,0,91.6
5.4,80.2,84.3,56.9,19.1,7.3,7,3,1,79.5
8.2,90.7,86.9,63.9,17.4,5.6,9,2,1,91.1
5.8,84.4,68.3,66.3,13.5,7.3,5,2,1,77.0
3.7,79.2,72.5,70.4,12.1,6.6,4,3,0,71.3
4.5,80.6,82.0,74.5,20.4,6.3,6,2,1,83.2
5.0,81.8,89.8,72.2,18.6,7.2,6,2,1,86.0
3.3,91.8,40.7,45.2,10.8,6.5,5,2,1,52.3
4.6,86.6,49.6,30.0,12.2,5.6,6,2,1,56.4
4.2,70.2,86.3,63.3,16.6,9.5,5,3,1,78.5
5.8,86.9,64.1,56.2,12.3,6.3,4,1,1,67.2
10.0,88.0,58.6,55.2,12.0,4.4,5,2,0,74.8
4.7,99.5,50.4,54.5,10.9,5.9,5,2,0,58.8
9.0,91.2,60.2,45.2,15.0,5.4,7,3,0,83.2
5.7,82.9,48.4,52.4,10.4,7.7,5,3,1,65.4
4.6,93.3,97.3,78.2,24.2,7.2,9,2,1,100.0
3.2,84.5,67.7,62.5,17.4,7.2,9,2,0,78.5
4.6,88.2,67.2,65.6,16.9,6.4,7,2,1,75.1
4.4,89.7,76.2,67.4,16.7,6.5,4,2,1,76.7
2.7,88.6,81.5,61.3,20.8,6.4,9,3,1,77.4
3.0,89.1,81.2,64.0,17.3,6.7,9,3,1,90.9
5.1,72.5,83.0,60.9,18.1,7.7,6,3,1,80.8
8.9,81.9,59.2,53.3,14.4,7.2,8,1,0,81.2
4.0,89.6,63.8,64.9,16.1,7.4,6,3,0,70.0
1.6,72.8,78.8,63.5,18.5,7.3,3,3,1,73.5
1.0,65.0,60.6,64.4,13.0,7.8,4,2,0,61.1
2.2,80.0,67.9,73.4,14.3,7.1,9,2,0,70.0
6.0,95.1,73.6,63.7,17.8,7.2,5,3,1,81.1
1.8,84.6,79.0,31.5,18.7,8.1,7,2,1,67.7
6.5,77.7,43.1,53.8,10.3,6.1,5,3,1,56.3
5.8,95.9,78.0,61.0,14.2,5.9,6,2,0,79.0
3.9,72.6,64.7,45.6,14.4,5.5,5,2,1,65.7
2.7,92.5,77.9,61.0,18.4,7.0,7,3,0,77.7
3.6,84.9,78.9,58.7,21.0,4.8,6,2,0,76.5
5.0,70.2,90.5,67.7,17.1,7.3,4,3,1,83.2
1.8,88.4,86.9,54.5,17.9,6.7,7,2,0,76.2
8.4,84.6,86.9,57.1,18.3,8.0,8,2,0,85.9
5.0,85.1,88.2,69.2,21.8,6.1,8,1,1,90.1
5.3,89.6,72.1,65.7,16.2,6.6,5,2,0,85.5
5.8,86.5,68.5,63.2,13.8,8.0,5,2,1,70.9
8.0,92.1,80.2,58.8,19.0,8.3,7,3,1,92.0
4.6,84.7,78.2,54.0,16.5,6.1,9,2,1,85.0
6.0,98.2,63.7,55.5,12.3,7.0,8,2,0,78.0
2.7,83.8,73.7,61.5,14.6,7.1,7,1,1,67.9
9.8,93.2,67.5,71.6,19.1,7.2,8,2,0,95.4
4.4,92.7,56.0,38.0,14.1,6.5,7,3,1,67.0
2.7,84.3,86.1,63.5,18.8,8.2,7,2,0,76.0
3.2,79.5,68.8,45.3,15.0,4.7,7,2,0,63.5
1.1,94.8,96.7,60.2,21.0,6.3,7,2,1,81.2
3.2,93.2,45.2,57.4,11.9,7.3,4,1,0,57.6
1.0,85.6,60.2,58.4,14.5,7.3,7,2,0,59.1
6.2,94.5,68.5,64.2,15.9,8.3,9,2,0,78.2
5.2,92.3,83.9,74.2,20.1,8.1,5,2,1,88.3
2.3,83.0,73.6,55.4,16.4,6.5,8,3,0,76.8
4.0,86.8,72.3,56.4,14.3,8.2,9,3,1,75.7
4.1,87.5,52.2,68.5,11.4,6.0,6,3,0,65.2
2.0,80.0,51.8,46.5,8.5,7.8,4,3,1,53.5
3.6,87.9,72.5,66.2,20.3,8.8,7,3,1,81.3
4.2,95.3,48.9,52.1,13.7,8.1,5,2,0,69.8
3.6,92.6,60.6,41.7,12.4,6.9,6,1,1,62.1
2.7,99.8,75.0,48.8,16.1,6.4,8,2,0,74.9
2.2,91.0,54.2,48.4,11.6,5.1,4,3,0,53.3
3.5,98.5,90.5,80.2,22.6,7.1,5,1,0,90.8
2.9,83.9,85.1,71.0,15.6,5.6,7,1,1,76.8
5.6,95.1,46.0,58.0,11.8,5.9,6,1,1,65.8
8.3,98.0,54.9,47.7,13.1,5.5,7,2,1,74.5
6.6,78.6,36.0,53.9,11.5,6.3,8,2,0,61.3
4.3,90.9,57.0,46.6,13.3,6.8,6,2,1,66.6
2.8,67.1,78.7,58.3,13.8,7.1,7,1,1,68.7
6.6,91.5,62.2,56.7,14.0,6.1,5,2,1,74.6
5.8,92.6,74.5,61.3,14.8,8.0,8,2,1,81.9
8.0,79.4,46.7,56.7,12.0,6.6,5,2,0,68.5
4.6,80.3,79.2,55.3,20.4,5.9,6,2,0,79.6
9.6,87.1,60.2,43.7,10.8,7.0,6,2,1,74.6
4.6,91.7,68.2,59.7,13.9,9.0,8,2,0,73.9
2.8,77.1,66.7,51.1,14.0,7.2,4,2,0,70.1
3.1,84.5,50.2,76.2,11.4,6.4,2,2,0,61.0
5.4,78.7,51.9,53.6,14.1,5.1,5,3,0,67.3
2.9,98.0,81.5,64.3,17.5,6.6,8,1,1,80.8
9.5,88.1,73.6,52.4,17.6,7.1,7,1,0,86.1
5.2,80.6,82.7,47.6,16.9,6.4,8,3,0,83.3
4.2,93.6,72.5,53.9,16.7,5.0,8,2,1,74.8
4.4,84.9,70.0,59.2,17.4,5.9,5,1,1,77.0
3.5,96.1,43.8,61.4,9.6,8.4,3,1,1,55.6
1.3,77.2,64.2,62.2,16.2,8.4,5,3,0,61.0
3.1,90.0,67.6,60.6,15.4,5.8,8,3,1,74.7
8.9,92.4,95.3,69.4,22.7,7.5,7,2,1,100.0
4.7,93.9,77.6,66.6,16.8,5.5,7,2,1,83.0
7.0,90.1,89.5,64.5,20.2,8.3,8,1,1,89.3
7.2,83.3,76.4,74.4,17.0,7.1,5,2,1,85.1
4.0,90.2,58.0,53.0,13.4,7.8,7,1,1,61.7
5.8,76.4,69.6,54.7,16.3,4.9,8,2,1,84.3
1.4,88.5,71.3,42.2,17.0,7.5,6,1,0,57.9
8.6,86.4,54.9,50.4,10.8,6.8,4,2,0,70.2
8.2,78.1,62.6,59.5,17.5,7.7,6,2,1,85.5
5.4,98.1,65.1,51.7,11.3,7.8,4,2,1,72.6
4.7,70.6,90.5,57.0,18.2,6.9,7,1,0,81.4
4.1,91.5,38.9,52.7,10.0,6.1,6,2,1,57.0
7.5,97.0,84.9,56.9,19.5,7.7,10,3,1,100.0
6.2,85.1,54.9,60.0,16.3,6.7,6,2,1,77.8
1.0,86.4,48.8,44.9,8.1,5.8,6,2,1,49.0
3.3,88.4,84.5,62.8,17.4,5.8,6,2,0,78.1
2.0,94.3,78.2,55.9,12.9,5.2,7,2,1,67.0
1.8,97.6,85.6,72.3,18.6,6.2,5,2,1,76.7
7.4,77.1,79.2,79.6,18.2,8.0,6,3,1,94.7
4.0,99.3,96.8,81.1,23.8,7.0,7,1,0,99.6
5.3,92.6,75.8,56.4,17.2,6.2,7,1,1,76.9
4.3,92.6,65.8,67.9,17.1,7.7,6,2,0,75.9
1.8,85.2,72.8,57.1,17.4,5.9,7,3,0,70.3
1.5,87.8,85.4,77.1,17.6,6.9,6,3,1,78.9
3.2,92.6,57.1,61.3,10.6,6.6,6,2,1,63.9
3.4,73.7,58.9,30.0,14.3,7.7,6,2,1,61.5
3.4,87.9,63.7,48.3,11.7,5.1,6,2,0,58.8
3.4,92.0,38.5,53.9,12.7,5.9,7,2,1,57.5
10.0,87.2,69.9,60.1,15.8,5.0,6,2,1,90.5
7.0,96.1,41.6,40.8,13.2,6.5,6,3,1,67.2
4.7,70.3,68.7,48.0,14.6,8.1,5,2,0,62.1
4.0,81.4,80.1,46.4,18.2,6.2,5,2,1,72.8
4.0,63.1,61.3,46.8,14.7,6.2,4,2,1,60.1
6.1,88.8,91.5,86.8,19.7,7.8,10,2,0,100.0
3.9,96.8,47.6,58.4,10.9,8.0,5,2,0,64.3
6.6,81.8,84.7,81.4,19.4,6.7,6,2,1,95.4
5.0,92.3,77.5,71.0,15.3,7.6,6,1,1,82.4
10.0,85.8,44.0,55.0,9.0,5.6,5,1,1,72.4
3.8,98.6,100.0,91.9,23.7,8.3,7,2,1,98.0
7.2,80.4,67.1,58.5,16.9,9.2,6,3,0,79.8
2.1,85.4,55.7,50.5,13.3,7.4,3,2,0,53.4
2.8,79.4,48.3,55.0,15.2,4.5,7,2,0,58.4
10.0,97.2,64.9,71.5,14.6,6.2,8,2,0,92.4
6.5,81.8,66.2,51.7,17.9,7.5,4,1,1,75.8
5.4,95.5,69.4,55.5,16.1,6.3,3,3,0,79.7
10.0,74.6,63.8,53.3,12.9,8.2,4,3,1,75.4
4.0,87.2,76.9,68.7,20.7,7.4,6,1,1,83.3
7.2,86.7,62.6,61.9,16.6,6.0,10,2,1,79.7
7.5,92.6,40.9,36.2,10.5,6.8,7,2,1,64.9
9.2,96.5,65.9,75.3,16.8,5.8,4,3,0,91.8
2.0,89.2,34.9,38.7,8.6,6.6,4,2,1,44.5
4.0,75.7,73.0,54.6,18.0,6.2,6,1,0,73.2
4.9,82.2,54.3,43.1,8.2,8.1,6,2,0,54.4
9.1,75.8,70.3,77.1,14.1,9.1,4,3,1,80.1
5.3,97.4,86.4,71.5,20.8,5.2,7,1,0,90.4
7.5,94.4,54.7,47.5,12.7,4.7,5,2,1,75.8
1.9,84.1,82.9,70.7,18.4,6.5,5,1,1,71.7
3.5,88.5,61.9,61.9,11.6,5.1,7,3,1,70.8
8.2,90.6,92.5,68.7,23.8,6.9,8,1,0,100.0
3.7,92.7,62.9,64.2,16.9,7.6,8,3,1,72.6
4.2,93.6,56.2,48.2,12.9,8.4,7,2,0,61.8
9.0,94.6,77.6,60.8,16.6,7.0,6,2,1,90.2
2.5,76.7,61.9,35.9,16.3,6.6,7,3,0,60.9
2.8,84.3,56.2,41.3,17.2,4.6,6,3,1,58.7
1.8,91.7,61.3,70.9,16.0,6.8,7,2,0,63.8
9.2,94.8,67.4,73.3,19.9,6.9,6,1,0,89.3
6.9,94.0,86.8,69.2,17.1,7.5,7,2,1,91.4
6.8,80.9,40.9,57.2,9.1,6.0,5,2,0,61.3
3.4,84.8,68.3,56.2,13.1,6.3,10,2,1,69.1
1.7,85.1,76.7,59.4,17.8,5.2,7,2,0,71.0
1.4,90.9,70.7,60.9,16.1,4.3,6,1,0,67.4
8.2,95.7,86.3,68.0,18.6,5.6,6,2,1,95.4
5.6,80.1,67.0,53.7,17.0,5.1,5,2,0,71.8
6.1,67.6,65.4,59.9,17.5,7.2,9,1,0,78.9
4.8,93.8,76.3,65.1,13.9,6.2,6,2,1,74.5
2.6,96.7,69.4,67.4,14.4,6.2,8,2,0,71.8
3.5,92.1,62.5,65.4,16.1,5.7,6,2,0,70.7
2.2,88.0,75.2,64.7,15.7,4.0,7,1,0,63.5
2.1,86.7,58.9,46.1,12.1,8.5,7,2,1,58.2
6.6,87.8,59.4,43.6,16.1,5.7,5,2,1,65.9
1.4,89.4,60.6,56.6,11.4,6.3,5,2,0,63.9
2.2,85.3,86.9,64.6,18.1,5.2,9,3,1,76.7
3.6,94.0,30.0,43.8,9.2,7.9,7,2,0,56.8
4.4,77.9,73.5,57.5,15.3,7.0,7,1,1,72.6
1.7,79.0,68.5,76.4,17.0,5.9,7,2,0,72.6
1.4,93.0,44.5,38.7,9.9,6.4,7,3,1,50.6
5.2,96.3,72.3,46.9,19.1,8.6,10,1,1,82.3
4.7,89.6,74.7,64.5,16.4,6.7,7,3,1,82.8
8.1,89.2,76.3,59.4,18.5,6.6,8,2,1,92.2
4.4,63.1,30.9,36.3,10.3,5.8,2,3,0,47.3
5.5,85.4,87.1,70.8,17.7,4.7,6,2,0,82.1
2.7,86.9,57.7,63.6,9.4,6.6,4,2,0,56.7
2.8,93.6,77.6,52.3,17.8,7.2,9,3,0,72.1
1.9,94.2,78.4,60.5,17.4,8.0,3,2,0,72.4
2.7,95.9,55.7,58.7,14.3,4.3,6,1,0,64.9
3.5,91.1,77.2,69.6,16.6,5.6,2,2,1,79.6
7.7,93.9,62.6,75.3,13.8,6.2,5,1,0,80.8
2.5,75.6,39.0,49.0,14.2,6.8,4,3,0,51.3
10.0,81.6,84.3,63.2,15.7,6.6,9,2,0,87.6
5.8,81.9,57.1,44.4,15.0,6.7,6,3,1,73.7
5.2,74.8,56.0,44.2,12.2,7.2,4,3,0,55.8
4.2,93.9,62.4,52.9,13.8,5.8,8,1,1,68.5
3.8,89.5,71.8,65.7,15.5,7.8,7,2,1,75.1
3.0,70.8,67.2,54.6,13.6,7.3,6,3,1,64.9
1.7,86.9,75.7,50.8,17.9,6.4,5,2,0,68.3
2.5,76.7,49.2,42.8,14.8,8.6,4,3,0,56.5
9.2,92.7,57.6,62.1,14.8,8.5,5,2,1,74.5
5.6,72.8,66.4,55.6,15.4,7.8,6,1,0,70.4
9.1,91.4,94.6,75.9,18.5,4.0,8,3,0,91.7
2.9,84.5,66.4,59.6,16.1,8.5,9,1,0,72.3
2.2,81.7,83.2,76.2,22.4,7.7,7,1,1,80.7
4.2,86.2,68.5,59.9,14.8,9.0,2,2,1,62.3
2.6,96.3,61.2,54.8,13.4,8.2,7,3,1,65.1
4.7,75.2,64.5,45.4,13.7,8.5,4,2,1,62.7
1.5,79.8,65.6,56.7,13.9,7.8,5,2,1,65.3
1.0,92.1,76.5,43.9,11.3,8.3,6,2,1,61.3
5.0,89.5,87.2,66.0,19.8,9.0,6,2,1,88.1
9.3,69.0,73.0,52.9,14.9,7.0,4,2,1,83.6
5.2,87.1,84.6,54.6,15.3,5.1,7,1,1,76.8
5.5,88.2,54.5,44.9,14.6,6.5,4,2,0,68.3
4.3,85.1,62.2,61.3,12.2,7.2,7,3,0,71.3
4.5,94.5,57.9,57.7,13.0,6.9,10,2,1,68.3
1.6,85.6,72.4,60.4,19.0,5.4,4,1,1,72.9
2.6,95.1,63.0,60.8,11.7,5.0,6,3,1,60.6
7.7,84.1,78.2,62.4,14.4,6.0,3,2,1,83.8
2.1,77.8,55.0,59.2,13.5,7.7,5,3,1,56.1
3.4,93.1,68.6,61.2,17.8,8.5,8,1,1,77.7
7.6,90.0,77.6,51.6,14.2,7.8,8,1,1,87.7
4.5,90.5,39.1,59.1,11.1,8.0,6,2,0,59.8
4.6,93.2,97.7,76.3,22.0,6.7,9,2,1,95.9
3.4,85.8,64.0,51.1,10.6,4.9,10,2,1,66.1
6.0,95.1,39.6,37.7,12.0,6.3,9,2,1,63.6
6.8,81.1,70.2,60.3,17.7,6.5,5,1,0,84.3
2.6,86.3,68.5,57.1,14.8,6.3,4,2,0,66.0
1.7,88.3,66.9,70.5,17.6,6.9,6,2,0,69.8
1.2,90.0,81.9,62.4,20.1,7.3,6,2,1,74.3
5.4,68.3,78.5,50.1,17.6,7.7,6,2,1,72.8
5.1,98.4,72.2,70.7,15.3,6.5,5,2,0,76.9
10.0,88.2,74.3,68.6,14.9,4.7,7,2,1,88.1
4.3,85.4,66.5,58.2,15.1,6.3,8,2,1,72.0
3.9,72.2,92.9,70.0,21.1,6.8,6,2,0,82.1
4.8,89.7,47.3,49.2,11.1,8.1,4,1,1,66.1
4.9,66.3,70.0,54.3,11.4,6.2,7,2,1,63.5
3.7,80.7,68.9,65.7,18.1,7.4,3,3,1,74.5
2.6,81.8,79.4,66.5,17.8,7.1,6,2,1,77.5
4.2,81.9,56.2,49.7,12.6,6.8,6,1,1,64.4
4.1,92.9,43.6,59.7,12.8,7.8,6,3,1,65.2
4.1,88.4,70.2,40.5,18.9,6.1,7,2,0,72.3
6.3,81.9,71.9,74.6,10.7,6.2,7,1,1,77.4
4.1,75.1,88.9,50.0,20.1,6.8,6,2,0,79.4
1.8,76.8,50.2,41.8,9.3,6.1,5,2,0,47.2
2.9,92.9,84.2,66.8,19.3,7.4,7,2,0,76.2
3.7,91.3,100.0,72.6,21.4,6.0,7,2,0,89.3
4.2,83.0,62.7,62.4,15.8,7.0,7,2,1,69.0
5.5,98.7,49.9,45.1,11.3,6.7,5,1,1,61.4
4.3,90.3,62.3,58.6,10.7,7.0,8,2,0,67.6
1.0,85.9,68.2,53.1,14.4,6.3,6,2,1,63.8
1.9,81.8,75.9,62.3,17.6,6.4,6,2,1,77.5
5.7,93.6,59.7,55.8,16.1,6.9,7,1,1,73.3
3.6,85.1,89.8,68.0,17.0,7.0,6,1,1,82.2
4.5,92.0,52.4,48.2,14.7,6.8,7,2,0,67.8
3.4,88.9,43.7,43.6,9.7,8.7,6,3,1,60.2
2.9,93.2,83.5,69.2,18.9,5.7,6,2,1,82.7
3.5,76.5,36.2,47.9,8.7,6.7,6,2,1,47.4
4.5,81.9,65.1,50.3,15.3,5.1,7,1,1,62.6
4.1,79.9,100.0,63.2,23.0,7.2,9,2,1,93.0
6.7,70.4,67.8,57.6,13.1,5.6,7,1,1,70.3
1.5,93.9,52.3,52.9,11.1,6.5,7,3,1,56.1
1.7,83.3,67.2,63.1,15.6,6.4,4,2,1,61.5
3.6,86.1,67.3,50.2,20.1,7.1,10,3,0,78.3
5.5,86.8,70.2,44.7,14.2,6.2,4,2,0,74.4
6.1,94.3,77.3,60.2,21.3,6.1,8,3,0,88.6
2.9,74.4,53.5,41.4,16.8,8.4,6,2,1,63.0
1.0,79.9,91.6,65.8,19.3,7.1,5,1,1,74.0
3.0,83.9,71.4,53.5,15.4,6.2,6,3,0,65.3
5.1,91.1,78.2,69.8,15.9,6.5,7,2,1,84.7
4.1,92.7,59.2,53.5,13.7,8.6,8,3,1,67.4
5.6,83.3,86.0,66.1,15.9,6.5,6,1,1,81.6
7.6,99.2,64.4,61.5,14.8,6.0,6,2,0,80.0
3.8,81.5,71.9,59.6,19.1,6.0,3,2,1,76.7
3.2,78.2,54.9,49.1,11.8,6.2,8,1,1,56.1
2.4,97.4,54.0,59.1,12.4,6.1,5,2,1,63.7
1.7,93.1,77.6,57.9,13.7,5.4,7,2,1,65.8
1.4,94.8,61.8,68.9,14.9,5.6,6,1,1,64.0
2.8,79.2,56.0,48.3,13.7,5.9,5,1,0,45.8
7.0,96.7,59.0,46.5,14.1,7.5,8,2,1,83.0
5.9,83.9,77.8,62.9,16.9,6.4,9,1,0,83.6
3.1,85.1,59.2,46.6,13.2,6.6,6,2,0,58.9
10.0,87.2,66.4,62.7,16.5,8.2,7,1,0,83.4
2.9,74.7,68.2,71.9,15.4,8.2,6,2,0,67.9
7.9,97.8,41.2,43.1,11.4,6.5,8,3,0,72.4
8.9,91.4,47.4,52.8,12.4,6.1,5,2,1,67.7
5.3,73.9,72.7,41.9,18.6,5.8,7,2,1,74.3
2.7,77.9,57.7,54.1,14.9,7.6,7,2,1,69.6
3.3,70.3,82.8,52.3,18.5,6.6,8,3,1,73.0
4.6,83.0,81.5,57.8,20.9,6.4,6,1,0,80.8
1.7,92.8,78.1,55.6,18.0,5.9,7,2,0,79.6
2.3,79.9,93.5,73.1,22.6,6.0,7,2,1,88.0
2.1,88.9,66.8,66.1,16.3,7.2,4,2,1,69.2
5.5,74.4,77.1,58.3,13.5,5.4,8,3,1,77.6
7.5,89.9,59.8,48.3,16.7,7.9,6,3,0,77.0
6.0,68.7,100.0,79.4,21.6,6.2,7,3,1,100.0
6.9,92.8,95.8,66.3,20.5,6.6,7,2,1,94.9
2.6,97.9,68.2,44.2,16.0,5.3,5,1,1,59.2
3.4,91.8,73.4,65.6,15.7,6.8,6,3,0,74.1
3.6,86.8,87.0,57.7,19.3,6.4,7,2,1,78.5
5.3,73.1,65.9,60.6,13.9,6.7,7,1,1,69.9
2.8,96.3,58.8,53.7,16.3,8.4,7,2,1,68.4
6.7,97.9,80.2,71.8,17.5,7.0,8,2,0,93.8
8.8,83.4,69.1,68.6,15.1,5.9,6,2,1,87.5
5.4,76.9,70.6,46.3,14.1,6.0,7,3,0,72.3
3.3,88.1,56.3,48.6,13.8,7.5,8,1,1,64.0
2.5,92.2,44.0,48.2,11.4,8.2,7,1,0,51.5
2.1,90.6,71.3,72.9,16.7,7.1,8,2,0,67.5
1.0,95.6,80.7,61.2,15.5,7.6,8,2,1,72.9
3.6,75.3,64.8,48.1,11.6,7.5,3,1,0,59.8
3.5,84.6,88.1,70.1,20.3,8.4,5,2,0,82.1
6.4,97.5,58.1,52.2,16.7,4.7,7,2,0,73.4
2.9,80.0,53.2,50.4,10.7,7.5,6,3,0,59.0
3.7,82.3,67.1,43.7,18.4,7.9,7,1,1,69.9
4.8,74.8,66.8,71.3,15.8,5.3,8,3,1,82.1
5.4,93.0,78.8,54.0,17.4,5.8,8,1,1,85.0
6.1,86.0,57.2,50.3,12.8,5.9,8,2,1,74.0
4.5,65.5,87.2,59.6,16.2,6.0,6,2,1,78.6
1.8,96.4,95.5,88.6,22.3,6.3,6,1,1,85.3
5.1,84.1,67.5,46.3,13.9,7.1,6,2,1,72.1
2.8,88.1,85.5,82.1,17.0,7.8,6,1,1,81.5
7.7,88.0,53.2,57.7,14.9,8.0,8,1,1,78.8
4.2,82.4,83.1,66.7,14.4,5.9,8,2,1,79.9
4.7,96.3,82.7,59.7,15.1,5.9,8,2,0,81.6
10.0,95.3,80.1,70.6,17.9,8.2,9,1,0,100.0
6.1,85.6,67.8,51.7,16.1,7.5,3,1,1,72.5
5.1,87.5,30.0,51.2,9.6,6.9,6,1,1,58.2
3.8,87.0,59.0,46.2,13.2,7.3,4,2,0,60.1
1.9,87.8,59.2,53.4,18.8,6.8,6,2,0,69.1
3.7,86.1,54.3,47.1,12.5,7.4,5,1,1,62.9
2.4,84.4,69.7,50.1,15.2,6.4,7,1,1,67.2
9.3,90.5,62.1,62.4,13.0,7.1,7,2,0,87.4
5.1,93.4,56.5,59.1,13.7,5.1,8,3,0,68.8
7.6,89.1,53.2,61.7,14.2,6.0,5,2,1,74.2
2.9,96.9,58.0,42.4,16.0,6.1,8,3,1,69.2
2.6,84.3,83.7,72.7,15.2,6.4,7,1,0,77.2
5.8,94.8,58.7,76.3,13.4,5.8,4,3,1,77.0
2.4,87.5,60.8,51.3,15.0,6.2,5,2,1,67.8
3.2,87.2,61.6,70.3,15.4,5.1,6,3,1,69.0
9.5,93.5,72.7,60.1,16.6,7.4,9,2,1,88.4
3.3,93.5,74.4,52.0,17.6,6.7,8,2,1,77.2
1.6,96.5,30.0,41.5,8.0,4.9,4,2,0,41.2
1.2,91.8,82.3,74.3,21.0,5.9,7,2,0,81.5
1.5,93.2,88.1,62.3,20.9,7.2,10,3,0,83.3
7.8,92.9,53.3,48.4,10.3,6.2,6,2,0,68.5
3.0,97.9,54.4,60.1,10.8,6.0,6,3,0,63.3
10.0,92.6,61.7,57.0,12.5,6.7,7,2,0,82.3
8.8,90.0,57.4,58.9,15.1,7.2,7,2,1,81.0
10.0,82.5,71.1,59.9,13.7,5.2,6,1,1,82.2
7.0,85.0,40.7,48.9,10.0,7.4,6,3,1,63.4
5.6,79.7,52.3,45.2,13.6,5.9,5,2,1,67.3
2.5,87.7,89.5,69.8,19.1,6.8,8,2,0,82.6
4.1,70.7,55.0,39.6,13.6,6.8,5,2,0,65.3
5.9,94.8,85.4,78.6,16.5,6.2,8,2,0,89.9
6.7,83.2,73.0,54.0,17.7,5.7,5,3,1,79.2
2.0,85.6,42.7,55.2,9.6,6.5,4,1,0,57.8
3.7,69.7,76.9,54.7,16.4,8.6,7,2,1,73.4
3.9,93.4,66.4,60.9,15.6,5.3,7,1,1,75.2
3.8,91.1,61.6,52.5,14.5,8.7,7,3,0,71.4
2.2,87.9,71.4,51.7,16.0,6.5,6,1,0,68.1
10.0,88.5,74.6,47.5,15.4,6.8,8,1,1,88.5
3.6,93.4,77.9,56.0,16.6,5.6,6,2,1,71.9
2.3,61.5,84.5,54.8,18.3,6.0,5,2,1,71.0
10.0,85.9,73.7,61.9,14.0,6.2,8,2,0,83.7
8.8,94.2,48.7,59.7,11.3,5.6,8,1,1,74.7
4.5,74.5,61.4,47.5,15.1,6.6,5,3,0,63.7
1.2,75.7,100.0,61.8,18.5,6.4,10,3,1,82.2
3.1,92.5,78.1,52.7,19.5,8.8,7,2,1,79.1
1.4,79.5,100.0,73.9,23.6,5.5,5,2,1,86.1
5.4,90.3,87.5,78.9,16.5,6.9,8,2,1,89.9
3.0,77.5,71.4,66.7,18.7,7.1,5,1,1,70.6
4.1,89.5,72.2,66.4,15.9,5.6,7,2,0,74.8
9.7,82.4,67.5,61.4,16.5,7.6,6,2,0,88.8
2.9,89.6,43.7,61.5,10.0,6.4,6,2,0,60.5
5.3,78.0,68.3,58.0,17.4,4.1,5,2,1,68.7
6.2,92.5,84.9,72.5,19.4,7.5,9,3,1,89.5
7.7,76.6,59.6,48.4,12.5,5.6,4,2,0,66.0
3.9,87.4,73.8,49.8,14.1,5.6,5,2,1,72.4
3.7,82.8,79.9,56.6,14.6,7.6,7,1,0,75.4
3.6,95.8,55.3,55.0,13.5,6.4,9,2,0,65.0
5.0,90.1,61.7,56.6,15.5,7.8,6,2,0,73.2
8.6,84.0,53.7,66.0,14.4,8.1,7,2,1,86.0
3.5,98.0,56.5,56.9,13.1,6.1,8,3,1,71.1
1.0,79.8,50.0,57.1,9.7,7.7,7,3,1,58.7
6.5,88.9,55.4,49.5,11.9,6.0,6,2,1,72.5
4.3,80.1,87.9,62.3,21.3,9.3,5,2,0,80.0
5.4,79.2,55.2,39.2,12.2,6.0,2,3,1,60.3
1.5,72.7,69.8,48.4,15.9,7.9,5,2,0,60.9
3.0,98.7,61.0,62.8,12.0,7.7,9,1,1,68.8
6.2,87.5,84.5,65.6,19.2,7.1,5,2,1,90.2
1.8,79.6,86.4,71.5,17.7,6.1,8,1,1,77.9
5.3,88.8,80.1,65.5,19.8,6.6,5,3,1,76.5
4.0,87.0,72.3,57.1,17.8,4.4,7,2,1,70.0
2.6,96.5,64.8,76.7,13.8,7.0,8,2,0,65.6
2.5,72.4,51.3,45.1,12.1,7.2,4,1,1,52.6
2.2,83.6,95.2,78.5,19.1,6.9,7,2,0,84.0
4.3,84.2,57.4,49.1,10.7,4.0,5,3,0,59.6
4.5,93.3,77.3,69.9,15.4,5.4,8,1,1,76.2
3.3,68.9,82.8,66.4,18.5,6.0,6,2,1,78.8
2.1,90.6,60.2,57.3,14.6,7.1,6,3,0,67.6
5.2,97.5,82.5,49.0,18.4,7.1,10,2,1,81.5
6.6,74.7,78.7,59.1,16.9,6.6,7,2,1,77.2
5.7,96.6,92.2,81.8,21.7,7.5,7,2,1,97.7
10.0,98.5,61.4,62.9,14.7,5.7,7,2,1,93.2
3.7,85.2,50.0,52.9,13.6,7.5,6,1,1,67.3
8.2,97.0,60.9,44.2,10.8,7.3,7,1,0,74.4
2.8,94.2,70.9,55.8,8.1,7.2,10,2,1,63.8
2.5,91.4,68.8,63.0,16.1,6.6,7,3,1,76.3
4.4,93.5,62.5,60.9,11.6,8.8,3,1,1,64.2
9.1,73.7,41.3,51.5,10.5,7.3,4,1,1,62.5
3.5,79.9,74.6,57.6,16.0,5.7,3,2,0,61.4
1.5,93.1,95.6,75.6,23.5,7.1,7,3,0,89.1
6.5,77.7,74.5,58.1,17.5,7.6,3,2,0,75.3
3.9,80.9,76.5,52.0,17.3,6.2,5,3,1,74.7
4.8,82.5,76.0,42.1,18.6,8.0,4,1,0,64.4
2.6,93.5,73.6,66.0,17.1,7.2,7,3,0,76.8
4.4,95.3,81.0,67.9,16.9,4.2,7,2,1,72.4
1.6,91.2,73.5,56.9,18.5,7.1,7,2,1,76.2
10.0,65.4,63.6,36.3,12.7,6.4,5,2,1,74.6
7.2,88.6,56.9,58.6,14.2,7.4,4,3,1,74.6
4.3,87.2,64.5,54.4,11.7,7.8,7,1,0,67.5
6.4,98.6,72.4,68.1,16.8,7.0,10,1,0,82.9
2.8,90.3,63.6,72.0,15.0,8.6,7,2,1,72.4
7.0,91.0,72.4,44.1,19.7,6.6,6,3,1,86.8
3.4,87.4,74.1,55.3,13.4,7.5,4,3,1,59.4
3.3,94.8,79.7,64.1,16.3,7.7,6,2,0,75.1
2.3,90.9,86.0,79.0,20.2,6.7,8,2,0,84.3
5.2,87.1,69.1,45.4,16.4,7.7,8,1,1,73.5
4.2,92.1,49.7,66.9,12.5,6.1,6,3,1,73.1
8.3,88.5,63.2,57.4,12.9,6.3,8,3,1,77.8
2.1,98.0,68.6,61.0,14.3,5.4,8,2,1,68.0
5.2,91.7,42.3,46.3,13.4,7.1,7,2,1,58.6
7.5,86.1,87.4,63.0,19.0,7.2,6,3,1,97.0
10.0,92.0,70.0,68.9,16.9,8.1,7,3,1,93.3
4.6,82.3,73.3,50.4,16.2,7.7,5,2,1,71.3
3.4,85.2,87.1,68.8,16.5,6.5,7,2,1,80.0
4.5,94.3,59.2,53.3,15.7,5.5,7,2,1,73.6
8.0,92.0,76.0,57.1,18.1,7.3,9,2,1,91.2
8.0,87.0,66.5,78.0,20.0,8.0,4,2,0,96.7
3.8,76.9,65.4,57.0,12.9,7.6,7,2,1,68.5
7.9,89.9,57.2,59.0,15.3,8.0,8,2,1,79.3
4.1,86.5,91.3,77.4,17.0,6.6,8,2,0,83.7
6.4,82.7,62.7,42.9,14.9,6.3,7,2,1,71.4
5.5,97.0,77.8,79.6,19.2,6.0,8,2,0,85.1
3.3,74.5,41.7,30.0,8.0,6.7,7,3,1,48.7
2.3,82.2,84.5,57.8,17.9,6.7,5,2,1,76.3
7.6,96.5,82.7,63.9,17.1,7.0,5,1,0,84.9
8.7,81.8,69.4,61.7,14.5,6.7,6,2,1,80.2
5.1,78.8,64.8,55.7,15.7,6.7,3,3,1,75.9
4.1,82.7,73.6,57.8,18.7,5.9,8,3,1,74.9
1.9,94.9,100.0,74.8,20.8,7.8,10,2,1,83.8
7.5,89.5,43.3,39.9,11.6,6.9,5,3,1,62.7
4.8,83.5,78.9,49.8,17.7,6.6,6,1,1,71.1
3.5,87.6,55.2,58.2,13.1,6.0,6,3,1,67.5
6.5,95.1,67.7,66.0,13.3,5.3,7,1,0,75.4
1.7,81.5,64.5,67.4,16.9,8.2,6,1,1,66.5
2.2,81.4,62.0,47.2,14.9,7.4,7,2,0,65.8
2.7,91.2,67.9,64.8,16.1,5.0,6,2,1,68.4
5.4,84.9,52.1,47.9,11.0,7.6,7,2,1,66.9
4.5,79.2,82.4,71.6,17.1,7.8,7,3,0,86.7
5.8,85.6,42.9,54.4,10.7,6.9,5,3,1,62.2
7.3,77.4,75.6,60.1,13.9,8.6,8,2,0,82.3
5.9,90.7,63.4,54.4,11.3,7.0,4,2,1,68.5
10.0,89.8,51.6,59.2,11.6,5.2,6,1,1,79.2
7.2,97.4,70.8,67.7,17.1,7.2,8,1,1,81.9
3.8,93.2,46.2,44.7,10.2,7.1,5,2,1,52.0
3.0,81.2,68.6,45.8,13.5,6.1,7,1,1,62.5
3.9,77.1,48.1,43.6,10.2,7.4,6,2,1,52.9
6.0,78.2,74.5,70.3,15.8,5.0,5,2,1,76.4
3.2,84.8,55.1,60.7,12.4,7.9,6,1,0,60.7
6.1,93.7,61.7,48.4,18.7,5.8,6,2,1,80.2
5.7,98.2,72.1,54.0,18.4,5.7,6,1,1,78.9
2.3,86.6,57.2,63.2,15.5,6.7,9,2,0,65.0
7.2,78.3,67.2,45.8,17.8,7.3,5,3,0,76.3
5.0,91.4,46.8,53.9,9.7,7.0,7,2,0,59.6
10.0,93.9,76.8,59.2,14.9,6.0,6,1,1,85.8
4.1,96.7,92.7,85.1,17.7,6.2,6,2,0,83.4
3.5,85.4,100.0,65.7,23.8,5.6,7,1,1,89.8
2.1,66.1,69.3,61.2,14.5,6.6,6,2,1,62.1
2.1,62.4,79.0,56.7,14.8,8.0,7,2,1,69.2
6.7,78.2,43.1,46.0,10.2,6.8,8,2,0,57.7
9.5,86.8,89.0,51.6,19.0,7.7,10,3,1,96.5
3.9,95.9,78.9,48.1,17.9,8.4,8,2,1,84.6
3.7,83.7,61.2,52.1,14.7,6.2,5,1,1,61.9
4.3,95.3,85.3,70.4,16.9,6.6,8,2,1,84.5
7.4,92.0,64.4,49.0,16.3,9.2,6,3,0,75.6
2.3,82.7,61.6,45.1,12.9,8.4,7,1,1,55.3
4.7,92.3,74.7,67.2,16.4,5.0,5,2,1,82.5
6.8,89.2,53.1,56.5,14.3,7.2,10,2,0,76.4
5.4,94.8,82.3,65.8,16.8,6.8,8,2,0,85.3
1.0,88.2,53.2,58.0,11.5,7.7,3,3,0,49.2
5.9,91.2,53.3,43.3,14.1,6.0,5,2,0,68.1
5.4,71.6,55.3,44.6,11.5,5.9,6,2,0,64.5
8.2,94.7,78.6,78.4,16.8,6.1,9,3,1,99.9
9.1,88.9,59.4,55.3,15.3,6.2,4,2,1,82.2
8.0,92.3,49.1,52.2,16.3,7.7,7,2,1,74.4
4.3,79.7,59.5,70.3,15.1,5.5,3,2,1,69.5
1.4,95.0,67.6,49.2,16.2,6.1,7,2,1,69.2
10.0,75.0,51.5,53.2,13.8,4.8,7,3,1,71.5
3.7,84.8,51.9,63.4,10.4,7.9,5,2,1,57.9
4.2,95.5,97.6,71.4,21.0,8.2,5,2,1,93.6
9.4,94.3,56.0,61.8,13.5,6.4,7,3,1,86.7
2.6,78.5,63.5,45.4,15.2,6.5,5,2,1,57.3
1.8,84.1,62.9,49.3,14.6,7.3,7,1,0,63.3
3.2,90.6,62.1,59.6,15.1,8.4,5,2,1,68.8
2.7,97.4,76.7,71.6,16.3,7.2,6,3,1,81.1
1.6,94.9,81.3,75.4,17.8,6.0,4,3,1,75.6
3.9,91.8,63.7,70.1,12.2,5.0,7,2,0,71.1
4.3,88.6,50.7,50.2,11.7,5.6,6,1,1,63.5
1.6,73.9,85.8,71.4,21.3,6.9,4,3,0,76.0
3.4,71.9,66.7,49.9,15.8,6.1,6,2,0,65.4
2.6,82.8,92.2,74.8,19.7,7.0,8,3,0,83.0
1.1,83.6,36.6,44.5,13.4,6.2,5,2,1,55.2
4.4,82.7,70.7,61.4,13.2,5.6,7,1,1,70.1
4.6,77.3,94.9,70.4,18.1,5.5,7,2,0,81.2
2.6,67.8,63.1,36.9,17.9,8.5,3,2,1,57.4
7.1,78.0,64.8,44.7,15.1,7.8,9,2,0,75.7
4.2,99.5,72.1,64.6,15.7,8.7,6,3,0,80.5
2.7,91.9,60.2,42.5,11.6,7.4,7,2,1,56.7
1.5,71.7,63.6,57.9,15.4,6.3,7,3,0,69.1
4.8,96.7,63.3,65.9,15.7,8.3,7,2,1,78.4
5.4,78.0,59.2,53.8,11.7,6.8,7,3,0,69.0
3.1,75.2,85.2,53.1,18.2,7.0,7,3,0,75.4
4.5,63.9,74.5,64.7,16.0,6.8,3,2,1,70.9
9.1,96.0,71.5,78.7,16.8,4.0,6,2,1,89.7
6.6,93.5,79.3,66.3,15.4,8.6,6,2,0,86.9
1.0,88.9,64.3,61.0,17.1,7.3,6,2,1,66.8
2.7,95.4,57.2,57.4,15.3,7.2,5,2,1,69.0
3.8,81.4,59.6,56.7,13.2,6.7,8,3,1,67.1
4.3,83.9,68.0,56.1,15.0,7.0,9,3,0,74.7
4.5,90.4,53.2,52.1,12.5,6.1,8,2,1,64.4
5.2,90.9,61.0,63.3,12.7,7.5,8,2,1,77.5
3.9,83.5,60.8,72.4,13.3,5.4,5,2,0,64.8
4.2,96.3,97.7,63.1,20.3,7.0,7,2,1,88.9
6.7,81.6,30.0,38.4,12.0,7.4,4,2,1,56.4
4.8,97.4,65.5,50.7,16.9,6.6,8,3,1,77.0
2.0,94.3,92.2,83.9,21.6,7.2,8,2,1,91.9
4.4,94.5,69.7,56.4,16.5,5.7,7,1,1,74.0
3.8,69.5,78.5,45.7,15.1,5.7,8,3,1,75.3
1.1,79.5,69.4,61.4,15.5,7.1,7,2,1,63.3
4.5,78.8,58.7,65.2,15.7,7.5,4,3,1,71.4
2.2,83.3,36.6,48.0,8.0,4.7,4,1,1,40.8
6.8,89.4,70.9,61.7,17.4,7.4,8,1,0,83.9
5.2,78.1,57.1,53.6,18.2,6.2,7,3,0,73.5
1.9,76.9,56.8,61.1,15.4,6.6,6,1,1,61.2
6.6,83.1,61.0,46.6,17.1,5.3,9,3,0,80.5
8.3,79.4,92.4,65.7,20.5,5.9,9,3,1,96.6
3.6,88.7,100.0,69.3,23.1,7.9,8,2,1,94.9
3.8,62.6,71.0,42.3,14.5,6.8,4,1,1,58.5
6.3,92.5,61.5,54.2,16.0,6.4,5,2,1,76.3
7.9,90.5,51.5,60.5,14.0,6.7,5,3,1,73.2
1.3,86.4,74.6,65.3,17.1,7.3,8,2,0,69.4
2.1,90.8,93.0,75.6,22.5,7.3,10,2,1,89.9
3.2,92.9,64.5,59.5,13.7,6.7,7,2,0,74.4
3.4,91.4,34.7,48.6,9.0,8.0,7,1,1,53.0
6.2,94.6,77.4,58.2,17.4,7.9,7,3,0,90.0
8.0,86.1,81.8,61.5,16.1,7.3,8,3,0,89.5
8.3,85.9,45.8,49.2,12.1,6.9,7,3,1,71.3
1.3,79.5,70.5,59.0,12.3,7.5,3,2,0,63.4
2.5,60.5,74.3,55.1,18.6,7.1,5,3,1,70.3
1.9,95.5,67.0,59.1,15.2,8.0,8,1,1,66.8
2.9,80.3,56.9,47.9,12.3,7.8,6,2,0,60.1
2.5,94.2,82.2,91.9,16.3,5.7,5,2,0,79.1
5.2,84.0,62.4,61.8,14.0,5.6,2,3,1,63.3
5.5,95.0,47.2,54.5,13.1,6.0,6,3,1,72.3
4.1,81.4,39.3,41.5,11.4,7.9,5,3,1,59.3
3.9,92.1,85.7,64.0,17.2,5.1,6,3,0,85.9
3.3,87.2,76.6,60.9,15.3,7.2,7,3,1,76.8
3.5,82.9,69.2,59.6,16.9,7.2,7,1,1,71.4
9.0,82.6,61.8,38.8,13.1,8.1,7,3,1,79.6
5.9,76.6,60.6,38.8,14.3,7.0,2,2,0,65.9
3.4,86.9,52.9,46.1,12.9,5.3,4,2,1,63.7
3.9,91.4,62.0,58.3,15.0,5.7,6,1,0,67.9
5.2,98.3,38.3,46.3,11.9,5.5,7,2,0,60.9
1.9,81.2,57.7,63.4,11.0,6.2,7,2,1,58.1
4.5,76.2,63.6,40.8,10.9,6.6,6,2,1,63.2
5.8,71.0,76.5,50.8,15.9,5.5,5,2,1,68.5
5.4,75.0,67.4,66.1,19.0,8.4,5,3,1,81.9
2.5,86.6,79.1,63.9,21.4,5.3,6,3,1,81.6
2.8,84.0,86.9,72.6,22.4,8.3,8,2,1,88.5
1.0,89.1,82.8,81.7,17.6,8.1,6,2,1,77.6
6.1,75.3,74.6,51.7,13.2,7.8,7,1,1,77.7
10.0,89.7,68.2,58.2,11.1,6.0,7,2,0,85.0
2.3,89.2,54.3,50.4,11.7,7.2,6,1,0,54.8
7.2,79.7,78.4,44.7,17.1,5.4,5,3,1,78.0
10.0,81.0,91.5,64.2,22.6,7.8,5,2,1,97.8
3.1,64.7,72.8,60.2,18.0,6.7,4,1,0,68.7
3.9,94.7,94.8,76.8,20.7,6.3,7,2,1,88.4
4.7,82.1,46.6,51.8,9.8,5.5,2,2,1,59.0
5.3,89.8,51.8,48.6,10.7,4.1,6,2,1,65.4
4.9,84.5,80.0,57.4,18.2,5.7,8,1,0,76.4
3.3,89.0,71.7,70.5,17.5,8.0,7,3,0,77.4
5.7,93.3,86.4,64.3,19.6,6.4,7,2,1,89.4
3.3,86.6,67.8,60.1,13.3,6.6,6,1,1,70.2
5.1,89.8,55.8,54.7,14.6,7.5,5,1,0,72.5
4.0,94.3,65.0,70.6,15.8,8.8,7,2,0,70.3
1.2,88.0,46.5,56.4,9.3,8.3,8,1,1,52.0
7.8,80.6,52.2,38.5,11.2,5.7,7,1,0,64.1
2.9,76.6,81.6,51.3,19.2,4.7,7,2,1,68.6
8.2,85.4,80.2,67.6,17.4,9.4,6,2,1,88.2
7.1,76.6,73.1,56.5,19.7,9.3,7,1,0,83.6
4.7,91.3,43.9,44.9,12.1,7.0,3,2,0,57.1
5.4,63.8,63.0,56.6,13.6,5.4,5,2,1,61.1
5.8,79.5,50.9,49.4,12.4,7.9,6,1,0,72.2
3.7,89.6,84.5,66.7,18.5,6.7,8,2,1,84.3
3.8,88.0,59.8,60.9,12.5,6.7,7,1,1,67.0
5.6,89.8,52.8,49.0,11.0,7.8,7,1,1,61.6
4.1,70.7,68.4,65.6,16.9,7.2,5,2,0,72.0
3.3,90.7,59.0,48.8,15.5,5.5,7,1,0,64.1
2.6,77.5,88.8,69.6,20.3,6.4,5,1,1,72.9
5.1,90.6,57.7,66.0,16.7,7.5,5,2,1,71.6
2.8,82.6,48.4,36.8,10.8,7.4,6,3,0,56.1
6.5,79.8,37.9,39.4,13.5,7.1,5,2,1,67.7
6.7,86.8,67.6,66.9,13.7,7.8,4,3,1,79.4
5.4,91.9,60.1,65.3,12.1,6.4,7,3,1,77.7
6.0,83.3,48.0,46.5,8.4,7.0,7,3,0,61.0
5.4,73.1,84.6,55.2,17.6,4.0,6,3,1,77.4
6.3,87.3,77.3,69.9,16.2,6.3,10,2,1,90.6
6.1,85.0,67.6,66.7,16.5,7.6,5,2,1,84.4
5.0,85.1,87.1,56.7,19.4,6.4,6,1,1,86.7
7.1,99.4,77.3,56.5,14.9,6.3,7,2,0,80.0
3.8,89.7,56.5,55.5,12.6,5.7,6,3,0,64.9
2.6,90.8,53.5,57.7,12.0,7.9,6,2,0,61.5
2.5,63.1,79.5,53.3,13.9,7.4,3,2,1,61.6
3.4,94.8,73.5,68.4,14.4,7.7,6,2,1,76.1
1.1,80.8,70.4,51.5,14.2,4.9,6,2,0,62.0
4.6,91.7,56.1,37.2,16.2,6.6,8,2,0,71.3
5.8,81.7,76.5,56.8,17.4,6.5,10,2,0,87.5
6.7,71.1,57.4,48.7,15.0,6.5,7,2,0,69.1
1.4,83.8,66.6,54.2,12.1,6.1,5,2,1,55.4
2.6,79.8,88.3,55.6,21.4,6.4,6,3,0,80.6
6.3,82.8,58.7,38.0,16.5,7.7,6,3,0,77.4
3.7,88.3,46.0,44.4,8.0,4.7,8,1,1,51.3
5.8,95.0,53.3,61.1,11.5,8.8,6,3,1,73.6
1.9,79.2,81.9,71.9,18.8,7.3,4,2,1,77.1
8.1,94.2,71.6,71.4,17.6,6.8,6,2,0,89.3
1.8,97.9,66.2,54.1,13.6,7.8,8,2,0,66.2
1.0,72.9,60.9,41.1,13.4,5.2,7,2,1,51.2
4.6,78.5,74.8,62.4,15.5,6.1,6,1,0,65.6
4.6,90.8,56.1,58.9,13.5,6.7,7,2,0,65.3
3.1,87.9,72.3,63.4,18.6,8.3,3,2,1,72.5
5.3,92.9,57.8,39.2,12.1,6.7,7,2,1,70.1
5.4,81.0,55.4,43.5,15.2,7.3,7,2,0,67.0
5.1,92.0,59.1,55.3,12.3,6.2,5,2,0,65.8
3.0,92.8,62.7,61.3,12.7,7.3,5,2,1,63.5
2.7,81.2,67.3,62.0,16.9,8.6,3,3,0,70.3
3.2,95.2,71.3,63.2,17.8,7.9,9,2,1,83.2
2.5,81.0,30.0,41.7,10.2,6.7,4,1,1,48.2
7.3,96.2,56.7,56.5,10.9,7.5,7,2,1,76.1
3.4,91.8,62.5,62.5,13.5,7.4,7,2,1,65.1
4.5,97.2,89.1,73.2,20.9,7.4,10,2,0,91.6
6.3,92.3,52.9,53.4,12.9,8.0,6,1,0,74.7
2.4,77.2,70.3,53.8,13.6,8.0,5,2,1,67.1
1.7,98.8,88.9,71.8,20.0,6.7,8,3,1,80.6
2.5,91.5,49.6,55.0,10.6,7.5,8,2,1,59.7
4.8,95.7,73.5,65.4,20.1,6.4,7,2,1,86.0
4.6,73.0,56.8,51.6,16.5,5.8,4,3,1,64.6
5.1,75.1,60.9,61.8,15.4,6.5,3,3,1,63.0
3.9,91.4,56.8,56.5,16.1,6.7,4,2,1,68.8
1.0,67.9,57.8,42.2,13.6,5.0,6,2,1,49.2
3.8,91.4,100.0,80.9,22.7,7.7,7,3,1,94.0
6.8,81.1,79.8,50.5,20.7,4.0,6,2,0,80.2
7.7,93.0,83.4,58.2,18.9,9.5,6,1,1,88.7
4.3,88.6,74.9,64.3,16.2,8.5,7,2,1,78.2
4.6,90.5,45.5,53.1,8.0,6.5,6,2,0,54.9
5.7,73.3,73.5,46.2,16.3,6.8,5,3,1,73.4
7.6,97.8,83.0,65.1,20.0,7.1,9,1,1,89.2
4.1,98.1,56.1,51.3,15.2,6.2,9,1,1,71.6
5.7,85.8,81.5,59.8,19.0,7.0,4,3,0,73.7
3.0,91.8,77.9,71.5,16.1,6.6,7,3,1,78.2
1.9,77.9,93.9,72.4,16.0,6.7,6,2,0,78.5
3.2,88.6,62.2,55.7,13.4,7.0,6,2,1,62.8
8.5,85.6,52.6,46.3,12.3,5.4,6,2,0,72.8
5.7,72.0,62.9,40.2,14.0,6.8,5,2,1,69.6
2.0,86.1,88.1,78.1,20.2,7.0,7,3,1,74.0
5.9,87.7,42.4,51.4,14.9,6.9,7,1,0,65.8
2.1,81.1,39.0,37.4,10.4,6.6,6,1,1,38.0
5.1,86.8,69.3,64.3,15.3,8.1,5,1,1,74.1
2.4,96.0,61.8,57.5,13.7,6.4,6,2,0,65.2
1.9,94.1,68.1,58.0,15.6,7.1,5,1,0,57.7
9.2,82.3,81.2,65.9,16.4,8.2,5,1,0,93.5
3.4,85.3,60.3,48.1,14.3,6.7,9,3,0,68.4
5.7,90.2,41.8,44.5,11.7,7.0,5,1,1,57.8
4.2,93.5,96.6,73.9,21.0,6.7,6,3,1,97.4
2.2,91.1,54.0,49.0,13.7,8.2,7,2,0,54.9
3.6,91.1,53.2,58.0,13.6,6.5,6,2,1,61.9
2.2,81.3,83.5,78.1,14.6,8.2,6,1,1,66.2
10.0,94.3,62.6,51.8,16.0,6.7,9,1,0,91.7
6.2,99.3,67.1,48.2,14.0,5.9,8,2,0,77.3
4.2,90.7,74.8,46.2,14.5,7.5,6,2,0,72.8
5.5,86.0,83.2,63.3,16.0,6.5,6,3,1,83.9
6.0,72.5,63.3,46.0,15.6,7.5,5,3,1,72.9
6.0,88.6,89.3,69.8,18.9,4.0,8,2,1,88.5
5.9,71.6,38.1,40.8,8.0,6.8,4,2,0,52.0
5.6,88.6,78.6,50.5,18.4,6.3,4,3,1,80.9
4.4,73.0,56.2,33.8,10.5,5.6,5,2,1,53.3
